{
     "get": {
        "description": "Get a combined list of pending and reviewed cases. This endpoint is a combination of /pending and /reviewed.",
        "operationId": "getCaseFeed",
        "parameters": [
            { "$ref": "#/components/parameters/pageLimit" },
            { "$ref": "#/components/parameters/pageOffset" }
        ],
        "responses": {
            "200": {
                "description": "Paged list of case objects, starting with pending and then reviewed, sorted by most recently discovered.",
                "content": {
                    "application/json": {
                        "schema": {
                            "allOf": [
                                { "$ref": "#/components/schemas/PagedResponse" },
                                {
                                    "type": "object",
                                    "properties": {
                                        "items": {
                                            "type": "array",
                                            "items": { "$ref": "#/components/schemas/CourtCase" }
                                        },
                                        "totalPending": {
                                            "type": "integer",
                                            "description": "Total number of pending cases available.",
                                            "minimum": 0
                                        },
                                        "totalReviewed": {
                                            "type": "integer",
                                            "description": "Total number of reviewed cases available.",
                                            "minimum": 0
                                        }
                                    }
                                }
                            ]
                        }
                    }
                }
            }
        }
    }   
}