{
    "get": {
        "description": "Get the list of all cases the server has found that have already been reviewed by a user.",
        "operationId": "getReviewed",
        "parameters": [
            { "$ref": "#/components/parameters/pageLimit" },
            { "$ref": "#/components/parameters/pageOffset" }
        ],
        "responses": {
            "200": {
                "description": "Paged list of case objects that have been reviewed, sorted by most recently discovered.",
                "content": {
                    "application/json": {
                        "schema": {
                            "allOf": [
                                { "$ref": "#/components/schemas/PagedResponse" },
                                {
                                    "type": "object",
                                    "properties": {
                                        "items": {
                                            "type": "array",
                                            "items": { "$ref": "#/components/schemas/CourtCase" }
                                        }
                                    }
                                }
                            ]
                        }
                    }
                }
            }
        }
    }
}