{
    "post": {
        "description": "Log a review for a court case.",
        "operationId": "postCaseReview",
        "parameters": [
            {
                "in": "path",
                "name": "id",
                "required": true,
                "schema": {
                    "type": "string"
                }
            }
        ],
        "responses": {
            "200": {
                "description": "The case review was logged successfully."
            }
        }
    }
}