{
    "openapi": "3.0.0",
    "info": {
        "title": "AACE Court search API",
        "version": "1.0"
    },
    "paths": {},
    "servers": [
        {
           "url": "/api"
        }
    ],
    "security": [
        { "BasicGroupUserPass": [] }
    ],
    "components": {
        "securitySchemes": {
            "BasicGroupUserPass": {
                "type": "http",
                "scheme": "basic",
                "description": "User login is handled via HTTP Basic authentication, where the username is a user ID and the password is the department password shared by the group.\nAfter prompting the user for the group password, GET a list of user accounts from /users (does not require a user ID, see BasicGroupPass security scheme)."
            },
            "BasicGroupPass": {
                "type": "http",
                "scheme": "basic",
                "description": "Same as BasicGroupUserPass security, except no username is required. Set the username in the authorization header to \"?\" (e.g., \"Authorisation: Basic ?:Gr0upPassw0rd\", base64 encoded as usual)."
            }
        },
        "schemas": {},
        "parameters": {
            "pageLimit": {
                "in": "query",
                "name": "limit",
                "required": false,
                "description": "Limit the number of results returned by this request.",
                "schema": {
                    "type": "integer",
                    "default": 10,
                    "maximum": 100,
                    "minimum": 1
                }
            },
            "pageOffset": {
                "in": "query",
                "name": "offset",
                "required": false,
                "description": "Start offset of items to return in this request. Use with the `limit` query parameter and the `total` response value to access multiple pages of results.",
                "schema": {
                    "type": "integer",
                    "default": 0,
                    "minimum": 0
                }
            }
        }
    }
}