{
    "get": {
        "description": "Get the current auto search setting.",
        "operationId": "getSettingAutoSearch",
        "responses": {
            "200": {
                "description": "Response body contains the current setting.",
                "content": {
                    "application/json": {
                        "schema": {
                            "type": "object",
                            "properties": {
                                "autoSearchEnabled": {
                                    "type": "boolean",
                                    "description": "Whether the server will perform regular automatic searches in the background."
                                }
                            }
                        }
                    }
                }
            }
        }
    },
    "put": {
        "description": "Set the current auto search setting.",
        "operationId": "setSettingAutoSearch",
        "requestBody": {
            "required": true,
            "content": {
                "application/json": {
                    "schema": {
                        "type": "object",
                        "required": [ "autoSearchEnabled" ],
                        "properties": {
                            "autoSearchEnabled": {
                                "type": "boolean",
                                "description": "Whether the server will perform regular automatic searches in the background."
                            }
                        }
                    }
                }
            }
        },
        "responses": {
            "200": {
                "description": "The setting was updated successfully."
            }
        }
    }
}