{
    "get": {
        "description": "Get the current email notification setting.",
        "operationId": "getSettingEmails",
        "responses": {
            "200": {
                "description": "Response body contains the current setting.",
                "content": {
                    "application/json": {
                        "schema": {
                            "type": "object",
                            "properties": {
                                "notificationsEnabled": {
                                    "type": "boolean",
                                    "description": "Whether the server will send email notifications when new cases are found."
                                }
                            }
                        }
                    }
                }
            }
        }
    },
    "put": {
        "description": "Get the current email notification setting.",
        "operationId": "setSettingEmails",
        "requestBody": {
            "required": true,
            "content": {
                "application/json": {
                    "schema": {
                        "type": "object",
                        "required": [ "notificationsEnabled" ],
                        "properties": {
                            "notificationsEnabled": {
                                "type": "boolean",
                                "description": "Whether the server will send email notifications when new cases are found."
                            }
                        }
                    }
                }
            }
        },
        "responses": {
            "200": {
                "description": "The setting was updated successfully."
            }
        }
    }
}