{
    "AuditorPartial": {
      "type": "object",
      "properties": {
        "id": {
          "type": "string",
          "description": "Unique ID for this auditor within our database."
        },
        "givenNames": {
          "type": "string",
          "minLength": 1
        },
        "lastName": {
          "type": "string",
          "minLength": 1
        },
        "organisation": {
          "type": "string",
          "minLength": 1,
          "description": "Organisation this auditor works for."
        },
        "created": {
          "type": "string",
          "format": "date-time",
          "description": "Date and time (ISO 8601 format) at which this auditor profile was created."
        }
      }
    }

}