{
    "Auditor": {
      "type": "object",
      "required": [ "id", "created" ],
      "properties": {
        "id": {
          "type": "string",
          "description": "Unique ID for this auditor within our database."
        },
        "givenNames": {
          "type": "string",
          "minLength": 1
        },
        "lastName": {
          "type": "string",
          "minLength": 1
        },
        "organisation": {
          "type": "string",
          "minLength": 1,
          "description": "Organisation this auditor works for."
        },
        "approvedInStates": {
          "type": "array",
          "items": {
            "type": "string",
            "enum": [
              "QLD",
              "NSW",
              "ACT",
              "VIC",
              "TAS",
              "SA",
              "WA",
              "NT"
            ]
          },
          "description": "List of states this auditor is approved to conduct environmental audits in."
        },
        "created": {
          "type": "string",
          "format": "date-time",
          "description": "Date and time (ISO 8601 format) at which this auditor profile was created."
        }
      }
    }
  }