{
    "CaseReview": {
        "type": "object",
        "required": [
            "caseId",
            "userId",
            "timestamp"
        ],
        "properties": {
            "caseId": {
                "type": "string",
                "description": "Database ID of the court case this review is related to. The database ID of a court case can be derived from its location state and court ID, separated by a period. e.g. \"QLD.4312\\5\"",
                "minLength": 1,
                "example": "QLD.541/44"
            },
            "userId": {
                "type": "string",
                "description": "ID of the user who completed this review.",
                "minLength": 1,
                "example": "45d306e4-484d-448f-a593-a165804b3700" 
            },
            "timestamp": {
                "type": "string",
                "format": "date-time",
                "description": "Date and time (ISO 8601 format) at which this review was logged."
            }
        }
    }
}