{
    "CourtCase": {
      "type": "object",
      "required": [
        "id",
        "locationState",
        "url",
        "parties"
      ],
      "properties": {
        "id": {
          "type": "string",
          "description": "Case number from the court database this case was sourced from."
        },
        "friendlyName": {
          "type": "string",
          "description": "Human-friendly title for the case automatically generated by the program. This is not an official case title."
        },
        "title": {
          "type": "string",
          "description": "Official title of the case. Not available for all cases. On cases without a title, check friendlyName for an automatically generated one."
        },
        "locationState": {
          "type": "string",
          "enum": [
            "QLD",
            "NSW",
            "ACT",
            "VIC",
            "TAS",
            "SA",
            "WA",
            "NT"
          ],
          "description": "State of the court database this case originated in."
        },
        "proceedingsDetail": {
          "type": "string",
          "description": "Extra details on the category of the proceeding or nature of complaint. Not available for all cases."
        },
        "url": {
          "type": "string",
          "description": "Web link to the relevant court database entry."
        },
        "parties": {
          "type": "array",
          "items": {
            "type": "string"
          },
          "description": "Individuals or organisations involved in the case. These strings are extracted directly from the court database.",
          "example": [
            "Eric Smithsonian",
            "SomeCompany PTY LTD"
          ]
        },
        "taggedAuditors": {
          "type": "object",
          "additionalProperties": {
            "type": "string"
          },
          "description": "A map of auditor ID to `parties` array index. Keys are the IDs of auditors that the server has associated with this case, values are strings from the `parties` array indicating which party the auditor was matched with.",
          "example": {
            "286ab2ba-8c11-458c-be73-258207fcea23": "SomeCompany PTY LTD"
          }
        },
        "firstFound": {
          "type": "string",
          "format": "date-time",
          "description": "Date and time (ISO 8601 format) at which this case was first discovered and logged by the server. This property will only be present on cases that were found through an automatic search."
        }
      }
    }
  }