{
    "HealthReport": {
        "type": "object",
        "required": [ "lastAutoSearch" ],
        "properties": {
            "lastAutoSearch": {
                "description": "Details from the last run of the automatic search.",
                "type": "object",
                "required": [ "completed", "hits", "misses", "failures", "timestamp", "scrapers" ],
                "properties": {
                    "completed": {
                        "type": "boolean",
                        "description": "Whether the overall search finished without errors. If this value is false, then no results were returned from the search due to a server error or all scrapers failing. If at least one scraper succeeds, this value will be true."
                    },
                    "errorMessage": {
                        "type": "string",
                        "description": "Error encountered by the server that prevented the search from completing. This will only exist if completed is false."
                    },
                    "hits": {
                        "type": "number",
                        "description": "Total number of returned cases that were matched to an auditor. This includes cases that were already logged in the database."
                    },
                    "misses": {
                        "type": "number",
                        "description": "Total number of cases that were returned by scrapers but were not matched with an auditor."
                    },
                    "timestamp": {
                        "type": "string",
                        "format": "date-time",
                        "description": "Date and time (ISO 8601 format) at which this search begun."
                    },
                    "scrapers": {
                        "type": "object",
                        "additionalProperties": {
                            "type": "object",
                            "description": "Status returned by an individual scraper during the search.",
                            "required": [ "failures", "results" ],
                            "properties": {
                                "results": {
                                    "type": "number",
                                    "description": "Number of results returned by the scraper. Not all results are considered matches."
                                },
                                "failures": {
                                    "type": "number",
                                    "description": "Number of failed requests made to this scraper."
                                }
                            }
                        }
                    }
                }
            }
        }
    }
}