{
    "PagedResponse": {
        "type": "object",
        "description": "A paginated list of items. You can access different pages of the list by using the properties returned here in conjunction with the `offset` and `limit` query parameters.",
        "required": [ "count", "offset", "limit", "total" ],
        "properties": {
            "count": {
                "type": "integer",
                "description": "Number of items returned in this response.",
                "minimum": 0
            },
            "offset": {
                "type": "integer",
                "description": "The starting offset of the items returned in this response (as set in the request or by default).",
                "minimum": 0
            },
           "limit": {
                "type": "integer",
                "description": "The maximum number of items this response was allowed to return (as set in the request or by default).",
                "minimum": 0
            },
            "total": {
                "type": "integer",
                "description": "Total number of items available to return.",
                "minimum": 0
            }
        }
    }
}