{
    "UserAccountPartial": {
        "type": "object",
        "properties": {
            "id": {
                "type": "string",
                "description": "Unique ID for this user account within our database."
            },
            "name": {
                "type": "string",
                "description": "Display name for this account.",
                "minLength": 1
            },
            "email": {
                "type": "string",
                "description": "Email address associated with this account. This address will be used for notifications if the user is on new case alert mailing list."
            },
            "colourA": {
                "type": "string",
                "format": "colour-hex",
                "pattern": "^#([A-Fa-f0-9]{6}|[A-Fa-f0-9]{3})$",
                "description": "Hex colour string for the A colour of the user's profile gradient."
            },
            "colourB": {
                "type": "string",
                "format": "colour-hex",
                "pattern": "^#([A-Fa-f0-9]{6}|[A-Fa-f0-9]{3})$",
                "description": "Hex colour string for the B colour of the user's profile gradient."
            }
        }
    }
}