{
    "get": {
        "description": "Get the full details of a saved court case by its database ID.",
        "operationId": "getCaseByID",
        "parameters": [
            {
                "in": "path",
                "name": "id",
                "description": "Database ID of court case. This is the case's locationState and its ID from the court database it was fetched from, separated by a period. For example: \"QLD.443/1\". Ensure this value is URI encoded.",
                "required": true,
                "schema": {
                    "type": "string"
                }
            }
        ],
        "responses": {
            "200": {
                "description": "The court case with the given ID was found and has been returned in the response body.",
                "content": {
                    "application/json": { 
                        "schema": { "$ref": "#/components/schemas/CourtCaseWithReviews" }
                    }
                }
            },
            "404": {
                "description": "No court case was found in the database with the given ID."
            }
        }
    }
}