{
    "get": {
        "description": "View health status of the server. Any errors that have occurred during automatic searches or other operations will appear here.",
        "operationId": "getHealth",
        "responses": {
            "200": {
                "description": "The latest health report from the server will be returned in the response body.",
                "content": {
                    "application/json": {
                        "schema": { "$ref": "#/components/schemas/HealthReport" }
                    }
                }
            },
            "204": {
                "description": "No health reports have been logged for this server."
            }
        }
    }
}