{
    "get": {
        "description": "Get the list of user accounts available to log in as.",
        "operationId": "getUsersList",
        "parameters": [
            { "$ref": "#/components/parameters/pageLimit" },
            { "$ref": "#/components/parameters/pageOffset" },
            {
                "in": "query",
                "name": "query",
                "description": "Search for user accounts including this text in the username.",
                "required": false,
                "schema": {
                    "type": "string",
                    "minLength": 1
                }
            }
        ],
        "security": [
            { "BasicGroupPass": [] },
            { "BasicGroupUserPass": [] }
        ],
        "responses": {
            "200": {
                "description": "Paged list of user accounts, sorted alphabetically.",
                "content": {
                    "application/json": {
                        "schema": {
                            "allOf": [
                                { "$ref": "#/components/schemas/PagedResponse"},
                                {
                                    "type": "object",
                                    "properties": {
                                        "items": {
                                            "type": "array",
                                            "items": { "$ref": "#/components/schemas/UserAccount" }
                                        }
                                    }
                                }
                            ]
                        }
                    }
                }
            }
        }
    },
    "post": {
        "description": "Create a new user account, or update an existing one.",
        "operationId": "postUser",
        "security": [
            { "BasicGroupPass": [] },
            { "BasicGroupUserPass": [] }
        ],
        "requestBody": {
            "description": "The user account information. If the `id` field is included, this will update an existing user with that ID. Otherwise, this will create an new user. When updating, you are only required to send the fields you wish to modify; all others will be unchanged. If an ID is provided that does not belong to an existing user, the operation will fail with 404 - Not Found.",
            "required": true,
            "content": {
                "application/json": { "schema": { "$ref": "#/components/schemas/UserAccountPartial" } }
            }
        },
        "responses": {
            "201": {
                "description": "The new user account was created successfully. The response contains the newly-created user object.",
                "content": {
                    "application/json": { "schema": { "$ref": "#/components/schemas/UserAccount" }}
                }
            },
            "200": {
                "description": "The existing user account was updated successfully. The response contains the updated user object.",
                "content": {
                    "application/json": { "schema": { "$ref": "#/components/schemas/UserAccount" }}
                }
            },
            "404": {
                "description": "An ID field was specified in the request, indicating this was supposed to be an update operation, but no existing user account with that ID was found."
            }
        }
    },
    "delete": {
        "description": "Delete a user account.",
        "operationId": "deleteUser",
        "requestBody": {
            "description": "The ID of the user account to delete.",
            "required": true,
            "content": {
                "application/json": { 
                    "schema": {
                        "type": "object",
                        "required": [ "id" ],
                        "properties": {
                            "id": {
                                "type": "string",
                                "description": "ID of the user to delete."
                            }
                        }
                    }
                }
            }
        },
        "responses": {
            "204": {
                "description": "The user account with that ID was successfully deleted, or never existed."
            }
        }
    }
}