{
    "get": {
        "description": "Get a user's account by their ID.",
        "operationId": "getUserByID",
        "parameters": [
            {
                "in": "query",
                "name": "id",
                "required": true,
                "schema": {
                    "type": "string"
                }
            }
        ],
        "responses": {
            "200": {
                "description": "The user with the given ID was found and has been returned in the body.",
                "content": {
                    "application/json": { "schema": { "$ref": "#/components/schemas/UserAccount" } }
                }
            },
            "404": {
                "description": "No user was found matching the given ID."
            }
        }
    }
}