{
    "get": {
        "description": "Get a list of cases this auditor has been associated with. This endpoint does not perform a new search, it only returns cases that already exist in the database.",
        "operationId": "getAuditorHistory",
        "parameters": [
            {
                "in": "query",
                "name": "id",
                "required": true,
                "schema": {
                    "type": "string"
                }
            },
            { "$ref": "#/components/parameters/pageLimit" },
            { "$ref": "#/components/parameters/pageOffset" }
        ],
        "responses": {
            "200": {
                "description": "Paged list of cases this auditor has been associated with.",
                "content": {
                    "application/json": {
                        "schema": {
                            "allOf": [
                                { "$ref": "#/components/schemas/PagedResponse" },
                                {
                                    "type": "object",
                                    "properties": {
                                        "items": {
                                            "type": "array",
                                            "items": { "$ref": "#/components/schemas/CourtCaseWithReviews" }
                                        }
                                    }
                                }
                            ]
                        }
                    }
                }
            }
   
        }
    }
}