{
    "get": {
        "description": "Get the list of all auditors registered with the server.",
        "operationId": "getAuditorsList",
        "parameters": [
            { "$ref": "#/components/parameters/pageLimit" },
            { "$ref": "#/components/parameters/pageOffset" },
            {
                "in": "query",
                "name": "query",
                "description": "Search for auditors with this text in the name or organisation fields.",
                "required": false,
                "schema": {
                    "type": "string",
                    "minLength": 1
                }
            }
        ],
        "responses": {
            "200": {
                "description": "Paged list of auditor profiles, sorted alphabetically.",
                "content": {
                    "application/json": {
                        "schema": {
                            "allOf": [
                                { "$ref": "#/components/schemas/PagedResponse" },
                                {
                                    "type": "object",
                                    "properties": {
                                        "items": {
                                            "type": "array",
                                            "items": { "$ref": "#/components/schemas/Auditor" }
                                        }
                                    }
                                }
                            ]
                        }
                    }
                }
            }
        }
    }
}