{
    "get": {
        "description": "Get an auditor's profile by their ID.",
        "operationId": "getAuditorByID",
        "parameters": [
            {
                "in": "query",
                "name": "id",
                "required": true,
                "schema": {
                    "type": "string"
                }
            }
        ],
        "responses": {
            "200": {
                "description": "The auditor with the given ID was found and has been returned in the body.",
                "content": {
                    "application/json": { "schema": { "$ref": "#/components/schemas/Auditor" } }
                }
            },
            "404": {
                "description": "No auditor was found matching the given ID."
            }
        }
    },
    "post": {
        "description": "Create a new auditor profile, or update an existing one.",
        "operationId": "postAuditor",
        "requestBody": {
            "description": "The auditor's information. If the `id` field is included, this will update an existing auditor with that ID. Otherwise, this will create a new auditor. When updating, you are only required to send the fields you wish to modify; all others will be unchanged. If an ID is provided that does not belong to an existing auditor, the operation will fail with 404 - Not Found.",
            "required": true,
            "content": {
                "application/json": { "schema": { "$ref": "#/components/schemas/AuditorPartial" } }
            }
        },
        "responses": {
            "201": {
                "description": "The new auditor profile was created successfully. The response contains the newly-created auditor object.",
                "content": {
                    "application/json": { "schema": { "$ref": "#/components/schemas/Auditor" }}
                }
            },
            "200": {
                "description": "The existing auditor profile was updated successfully. The response contains the updated auditor object.",
                "content": {
                    "application/json": { "schema": { "$ref": "#/components/schemas/Auditor" }}
                }
            },
            "404": {
                "description": "An ID field was specified in the request, indicating this was supposed to be an update operation, but no existing auditor with that ID was found."
            }
        }
    },
    "delete": {
        "description": "Delete an auditor profile.",
        "operationId": "deleteAuditor",
        "requestBody": {
            "description": "The ID of the auditor to delete.",
            "required": true,
            "content": {
                "application/json": { 
                    "schema": {
                        "type": "object",
                        "required": [ "id" ],
                        "properties": {
                            "id": {
                                "type": "string",
                                "description": "Server ID of the auditor to delete."
                            }
                        }
                    }
                }
            }
        },
        "responses": {
            "204": {
                "description": "The auditor with that ID was successfully deleted, or never existed."
            }
        }
    }
}